"","Pop","X0513_FAM","X0585_NED","X1195_PET","X1490_NED","X166_PET","X181_NED","X182_FAM","X207_VIC","X2637_VIC","X5047_FAM","X6212_PET"
"AC_G06","Central","NA/NA/NA","176/188/NA","NA/NA/NA","269/272/NA","161/164/NA","192/192/NA","175/190/NA","NA/NA/NA","NA/NA/NA","248/251/NA","249/267/NA"
"AC_G11","Central","NA/NA/NA","179/182/NA","NA/NA/NA","266/272/NA","161/161/NA","177/192/NA","175/175/NA","NA/NA/NA","NA/NA/NA","248/248/NA","264/264/NA"
"AC_G10","Klein","NA/NA/NA","176/185/NA","244/244/NA","269/269/NA","161/161/NA","177/180/NA","175/199/NA","NA/NA/NA","NA/NA/NA","245/245/NA","249/249/NA"
"AC_G26","Klein","NA/NA/NA","176/185/NA","NA/NA/NA","269/269/NA","NA/NA/NA","180/192/NA","175/193/NA","NA/NA/NA","NA/NA/NA","239/251/NA","NA/NA/NA"
"AC_G09","Klein","200/206/NA","176/182/NA","244/244/NA","254/272/NA","161/164/NA","195/201/NA","172/175/NA","173/173/NA","279/282/NA","242/245/NA","261/276/NA"
"AC_G01","Lac Bay","NA/NA/NA","176/182/NA","244/244/NA","266/269/272","161/164/NA","177/192/201","172/175/NA","NA/NA/NA","NA/NA/NA","NA/NA/NA","261/264/270"
"AC_G07","North","200/200/NA","176/176/NA","NA/NA/NA","266/272/NA","161/164/NA","195/195/NA","175/175/NA","NA/NA/NA","NA/NA/NA","239/245/NA","249/264/NA"
"AC_G08","North","200/200/NA","176/182/NA","220/220/NA","272/272/NA","161/164/NA","180/183/NA","172/175/NA","NA/NA/NA","NA/NA/NA","245/248/NA","264/264/NA"
"AC_G12","North","NA/NA/NA","188/194/NA","NA/NA/NA","269/275/NA","161/164/NA","183/183/NA","175/178/NA","NA/NA/NA","NA/NA/NA","245/251/NA","264/264/NA"
"AC_G13","North","NA/NA/NA","176/176/NA","244/244/NA","269/269/NA","161/161/NA","195/195/NA","172/175/190","NA/NA/NA","NA/NA/NA","239/239/NA","249/261/NA"
"AC_G16","North","200/200/NA","182/182/NA","244/244/NA","269/272/NA","164/164/NA","177/201/NA","172/172/NA","NA/NA/NA","270/276/NA","239/248/NA","264/270/NA"
"AC_G23","North","NA/NA/NA","173/176/NA","NA/NA/NA","272/272/NA","161/173/NA","177/183/NA","172/175/NA","NA/NA/NA","NA/NA/NA","245/248/NA","NA/NA/NA"
"AC_G27","North","200/200/NA","176/185/NA","220/220/NA","266/269/NA","161/173/NA","180/192/NA","172/178/NA","173/185/NA","270/273/NA","245/251/NA","249/264/NA"
"AC_G03","South","NA/NA/NA","173/176/NA","NA/NA/NA","266/272/NA","161/164/NA","180/201/NA","175/178/NA","NA/NA/NA","NA/NA/NA","239/242/NA","261/264/NA"
"AC_G05","South","NA/NA/NA","182/188/NA","NA/NA/NA","272/272/NA","161/161/NA","183/192/NA","175/178/NA","NA/NA/NA","NA/NA/NA","245/245/NA","264/264/NA"
"AC_G14","South","NA/NA/NA","176/182/NA","244/244/NA","254/269/NA","161/161/NA","180/183/NA","172/175/190","NA/NA/NA","NA/NA/NA","245/248/NA","261/264/NA"
"AC_G15","South","NA/NA/NA","188/188/NA","NA/NA/NA","269/269/NA","164/164/NA","183/183/NA","175/190/NA","NA/NA/NA","NA/NA/NA","245/245/NA","249/249/NA"
"AC_G17","South","NA/NA/NA","173/182/NA","NA/NA/NA","266/269/NA","161/167/NA","177/195/NA","172/175/NA","NA/NA/NA","NA/NA/NA","245/248/NA","249/249/NA"
"AC_G18","South","NA/NA/NA","176/176/NA","NA/NA/NA","NA/NA/NA","161/164/NA","192/201/NA","175/190/NA","NA/NA/NA","NA/NA/NA","245/245/NA","NA/NA/NA"
"AC_G19","South","NA/NA/NA","176/182/NA","NA/NA/NA","NA/NA/NA","161/164/NA","195/195/NA","172/175/NA","NA/NA/NA","NA/NA/NA","239/248/NA","NA/NA/NA"
"AC_G20","South","NA/NA/NA","176/176/NA","NA/NA/NA","269/269/NA","161/161/NA","177/192/NA","175/199/NA","NA/NA/NA","NA/NA/NA","242/245/NA","264/264/NA"
"AC_G22","South","200/212/NA","176/176/NA","220/244/NA","254/269/NA","161/164/NA","192/195/NA","172/172/NA","NA/NA/NA","270/273/NA","242/245/NA","249/249/NA"
"AC_G24","South","NA/NA/NA","176/182/NA","244/244/NA","269/272/NA","161/173/NA","177/180/NA","172/175/NA","NA/NA/NA","NA/NA/NA","248/248/NA","270/276/NA"
"AC_G04","South","200/215/NA","188/194/NA","NA/NA/NA","254/269/NA","155/161/NA","177/180/NA","172/184/NA","185/188/NA","270/276/NA","245/251/NA","249/264/NA"
"AC_G21","Unk","NA/NA/NA","176/176/NA","220/220/NA","269/269/NA","161/164/NA","180/195/NA","172/181/NA","NA/NA/NA","NA/NA/NA","239/251/NA","261/264/NA"
