Author,Year,Title,Species,Population,Genos,Locus_simple,allele,Hexp_report,Hexp_calc,Pr.exact,Hexp_num,Method,Num_loci,Source
Calle-Trivino et al.,2020,Assessing and genotyping threatened staghorn coral Acropora cervicornis nurseries during restoration in southeast Dominican Republic,Acer,Dominican Republic,32,166,11,0.74,NA,NA,NA,microsats,4,
Calle-Trivino et al.,2020,Assessing and genotyping threatened staghorn coral Acropora cervicornis nurseries during restoration in southeast Dominican Republic,Acer,Dominican Republic,32,181,11,0.56,NA,NA,NA,microsats,4,
Calle-Trivino et al.,2020,Assessing and genotyping threatened staghorn coral Acropora cervicornis nurseries during restoration in southeast Dominican Republic,Acer,Dominican Republic,32,182,13,0.87,NA,NA,NA,microsats,4,
Calle-Trivino et al.,2020,Assessing and genotyping threatened staghorn coral Acropora cervicornis nurseries during restoration in southeast Dominican Republic,Acer,Dominican Republic,32,207,13,0.87,NA,NA,NA,microsats,4,
Yetsko et al.,2020,Genetic differences in thermal tolerance among colonies of threatened coral Acropora cervicornis: potential for adaptation to increasing temperature,Acer,Florida,20,166,6,0.508,NA,NA,NA,microsats,15,"Supplement Table S2, had to manually count # alleles for locus. "
Yetsko et al.,2020,Genetic differences in thermal tolerance among colonies of threatened coral Acropora cervicornis: potential for adaptation to increasing temperature,Acer,Florida,20,181,9,0.508,NA,NA,NA,microsats,15,"Supplement Table S2, had to manually count # alleles for locus. "
Yetsko et al.,2020,Genetic differences in thermal tolerance among colonies of threatened coral Acropora cervicornis: potential for adaptation to increasing temperature,Acer,Florida,20,6212,8,0.508,NA,NA,NA,microsats,15,"Supplement Table S2, had to manually count # alleles for locus. "
Yetsko et al.,2020,Genetic differences in thermal tolerance among colonies of threatened coral Acropora cervicornis: potential for adaptation to increasing temperature,Acer,Florida,20,9253,3,0.508,NA,NA,NA,microsats,15,"Supplement Table S2, had to manually count # alleles for locus. "
Yetsko et al.,2020,Genetic differences in thermal tolerance among colonies of threatened coral Acropora cervicornis: potential for adaptation to increasing temperature,Acer,Florida,20,1195,4,0.508,NA,NA,NA,microsats,15,"Supplement Table S2, had to manually count # alleles for locus. "
Yetsko et al.,2020,Genetic differences in thermal tolerance among colonies of threatened coral Acropora cervicornis: potential for adaptation to increasing temperature,Acer,Florida,20,207,7,0.508,NA,NA,NA,microsats,15,"Supplement Table S2, had to manually count # alleles for locus. "
Yetsko et al.,2020,Genetic differences in thermal tolerance among colonies of threatened coral Acropora cervicornis: potential for adaptation to increasing temperature,Acer,Florida,20,182,14,0.508,NA,NA,NA,microsats,15,"Supplement Table S2, had to manually count # alleles for locus. "
Yetsko et al.,2020,Genetic differences in thermal tolerance among colonies of threatened coral Acropora cervicornis: potential for adaptation to increasing temperature,Acer,Florida,20,5047,6,0.508,NA,NA,NA,microsats,15,"Supplement Table S2, had to manually count # alleles for locus. "
Yetsko et al.,2020,Genetic differences in thermal tolerance among colonies of threatened coral Acropora cervicornis: potential for adaptation to increasing temperature,Acer,Florida,20,585,9,0.508,NA,NA,NA,microsats,15,"Supplement Table S2, had to manually count # alleles for locus. "
Yetsko et al.,2020,Genetic differences in thermal tolerance among colonies of threatened coral Acropora cervicornis: potential for adaptation to increasing temperature,Acer,Florida,20,201,8,0.508,NA,NA,NA,microsats,15,"Supplement Table S2, had to manually count # alleles for locus. "
Yetsko et al.,2020,Genetic differences in thermal tolerance among colonies of threatened coral Acropora cervicornis: potential for adaptation to increasing temperature,Acer,Florida,20,1490,3,0.508,NA,NA,NA,microsats,15,"Supplement Table S2, had to manually count # alleles for locus. "
Yetsko et al.,2020,Genetic differences in thermal tolerance among colonies of threatened coral Acropora cervicornis: potential for adaptation to increasing temperature,Acer,Florida,20,187,4,0.508,NA,NA,NA,microsats,15,"Supplement Table S2, had to manually count # alleles for locus. "
Yetsko et al.,2020,Genetic differences in thermal tolerance among colonies of threatened coral Acropora cervicornis: potential for adaptation to increasing temperature,Acer,Florida,20,2637,7,0.508,NA,NA,NA,microsats,15,"Supplement Table S2, had to manually count # alleles for locus. "
Yetsko et al.,2020,Genetic differences in thermal tolerance among colonies of threatened coral Acropora cervicornis: potential for adaptation to increasing temperature,Acer,Florida,20,7,10,0.508,NA,NA,NA,microsats,15,"Supplement Table S2, had to manually count # alleles for locus. "
Yetsko et al.,2020,Genetic differences in thermal tolerance among colonies of threatened coral Acropora cervicornis: potential for adaptation to increasing temperature,Acer,Florida,20,513,3,0.508,NA,NA,NA,microsats,15,"Supplement Table S2, had to manually count # alleles for locus. "
Dominguez-Maldonado et al.,2022,Genetic differences of Acropora palmata populations of the Mexican Atlantic,Apal,"Alacranes, Mexico",8,585,1,0,NA,NA,NA,microsats,5,Main paper
Dominguez-Maldonado et al.,2022,Genetic differences of Acropora palmata populations of the Mexican Atlantic,Apal,"Alacranes, Mexico",8,1490,2,0.4,NA,NA,NA,microsats,5,Main paper
Dominguez-Maldonado et al.,2022,Genetic differences of Acropora palmata populations of the Mexican Atlantic,Apal,"Alacranes, Mexico",8,2637,2,0.525,NA,NA,NA,microsats,5,Main paper
Dominguez-Maldonado et al.,2022,Genetic differences of Acropora palmata populations of the Mexican Atlantic,Apal,"Alacranes, Mexico",8,5047,2,0.325,NA,NA,NA,microsats,5,Main paper
Dominguez-Maldonado et al.,2022,Genetic differences of Acropora palmata populations of the Mexican Atlantic,Apal,"Alacranes, Mexico",8,513,2,0.4,NA,NA,NA,microsats,5,Main paper
Dominguez-Maldonado et al.,2022,Genetic differences of Acropora palmata populations of the Mexican Atlantic,Apal,"Mahahual, Mexico",13,585,3,0.218,NA,NA,NA,microsats,5,Main paper
Dominguez-Maldonado et al.,2022,Genetic differences of Acropora palmata populations of the Mexican Atlantic,Apal,"Mahahual, Mexico",13,1490,3,0.385,NA,NA,NA,microsats,5,Main paper
Dominguez-Maldonado et al.,2022,Genetic differences of Acropora palmata populations of the Mexican Atlantic,Apal,"Mahahual, Mexico",13,2637,3,0.394,NA,NA,NA,microsats,5,Main paper
Dominguez-Maldonado et al.,2022,Genetic differences of Acropora palmata populations of the Mexican Atlantic,Apal,"Mahahual, Mexico",13,5047,2,0.323,NA,NA,NA,microsats,5,Main paper
Dominguez-Maldonado et al.,2022,Genetic differences of Acropora palmata populations of the Mexican Atlantic,Apal,"Mahahual, Mexico",13,513,2,0.271,NA,NA,NA,microsats,5,Main paper
Dominguez-Maldonado et al.,2022,Genetic differences of Acropora palmata populations of the Mexican Atlantic,Apal,"Veracruz, Mexico",14,585,2,0.304,NA,NA,NA,microsats,5,Main paper
Dominguez-Maldonado et al.,2022,Genetic differences of Acropora palmata populations of the Mexican Atlantic,Apal,"Veracruz, Mexico",14,1490,4,0.714,NA,NA,NA,microsats,5,Main paper
Dominguez-Maldonado et al.,2022,Genetic differences of Acropora palmata populations of the Mexican Atlantic,Apal,"Veracruz, Mexico",14,2637,3,0.463,NA,NA,NA,microsats,5,Main paper
Dominguez-Maldonado et al.,2022,Genetic differences of Acropora palmata populations of the Mexican Atlantic,Apal,"Veracruz, Mexico",14,5047,1,0,NA,NA,NA,microsats,5,Main paper
Dominguez-Maldonado et al.,2022,Genetic differences of Acropora palmata populations of the Mexican Atlantic,Apal,"Veracruz, Mexico",14,513,1,0,NA,NA,NA,microsats,5,Main paper
Baums et al.,2005,"Regionally isolated populations of an imperiled Caribbean coral, Regionally isolated populations of an imperiled Caribbean coral, Acropora palmata",Apal,Bahamas,96,166,17,NA,0.916666667,NA,88,microsats,5,Main paper
Baums et al.,2005,"Regionally isolated populations of an imperiled Caribbean coral, Regionally isolated populations of an imperiled Caribbean coral, Acropora palmata",Apal,Bahamas,96,181,12,NA,0.520833333,NA,50,microsats,5,Main paper
Baums et al.,2005,"Regionally isolated populations of an imperiled Caribbean coral, Regionally isolated populations of an imperiled Caribbean coral, Acropora palmata",Apal,Bahamas,96,182,19,NA,0.833333333,NA,80,microsats,5,Main paper
Baums et al.,2005,"Regionally isolated populations of an imperiled Caribbean coral, Regionally isolated populations of an imperiled Caribbean coral, Acropora palmata",Apal,Bahamas,96,192,16,NA,0.90625,NA,87,microsats,5,Main paper
Baums et al.,2005,"Regionally isolated populations of an imperiled Caribbean coral, Regionally isolated populations of an imperiled Caribbean coral, Acropora palmata",Apal,Bahamas,96,207,17,NA,0.885416667,NA,85,microsats,5,Main paper
Baums et al.,2005,"Regionally isolated populations of an imperiled Caribbean coral, Regionally isolated populations of an imperiled Caribbean coral, Acropora palmata",Apal,Bonaire,32,166,6,NA,0.625,NA,20,microsats,5,Main paper
Baums et al.,2005,"Regionally isolated populations of an imperiled Caribbean coral, Regionally isolated populations of an imperiled Caribbean coral, Acropora palmata",Apal,Bonaire,32,181,4,NA,0.34375,NA,11,microsats,5,Main paper
Baums et al.,2005,"Regionally isolated populations of an imperiled Caribbean coral, Regionally isolated populations of an imperiled Caribbean coral, Acropora palmata",Apal,Bonaire,32,182,13,NA,0.65625,NA,21,microsats,5,Main paper
Baums et al.,2005,"Regionally isolated populations of an imperiled Caribbean coral, Regionally isolated populations of an imperiled Caribbean coral, Acropora palmata",Apal,Bonaire,32,192,12,NA,0.90625,NA,29,microsats,5,Main paper
Baums et al.,2005,"Regionally isolated populations of an imperiled Caribbean coral, Regionally isolated populations of an imperiled Caribbean coral, Acropora palmata",Apal,Bonaire,32,207,11,NA,0.875,NA,28,microsats,5,Main paper
Baums et al.,2005,"Regionally isolated populations of an imperiled Caribbean coral, Regionally isolated populations of an imperiled Caribbean coral, Acropora palmata",Apal,Curacao,100,166,19,NA,0.78,NA,78,microsats,5,Main paper
Baums et al.,2005,"Regionally isolated populations of an imperiled Caribbean coral, Regionally isolated populations of an imperiled Caribbean coral, Acropora palmata",Apal,Curacao,100,181,6,NA,0.41,NA,41,microsats,5,Main paper
Baums et al.,2005,"Regionally isolated populations of an imperiled Caribbean coral, Regionally isolated populations of an imperiled Caribbean coral, Acropora palmata",Apal,Curacao,100,182,20,NA,0.73,NA,73,microsats,5,Main paper
Baums et al.,2005,"Regionally isolated populations of an imperiled Caribbean coral, Regionally isolated populations of an imperiled Caribbean coral, Acropora palmata",Apal,Curacao,100,192,15,NA,0.9,NA,90,microsats,5,Main paper
Baums et al.,2005,"Regionally isolated populations of an imperiled Caribbean coral, Regionally isolated populations of an imperiled Caribbean coral, Acropora palmata",Apal,Curacao,100,207,15,NA,0.88,NA,88,microsats,5,Main paper
Baums et al.,2005,"Regionally isolated populations of an imperiled Caribbean coral, Regionally isolated populations of an imperiled Caribbean coral, Acropora palmata",Apal,Florida,34,166,15,NA,0.911764706,NA,31,microsats,5,Main paper
Baums et al.,2005,"Regionally isolated populations of an imperiled Caribbean coral, Regionally isolated populations of an imperiled Caribbean coral, Acropora palmata",Apal,Florida,34,181,7,NA,0.529411765,NA,18,microsats,5,Main paper
Baums et al.,2005,"Regionally isolated populations of an imperiled Caribbean coral, Regionally isolated populations of an imperiled Caribbean coral, Acropora palmata",Apal,Florida,34,182,13,NA,0.794117647,NA,27,microsats,5,Main paper
Baums et al.,2005,"Regionally isolated populations of an imperiled Caribbean coral, Regionally isolated populations of an imperiled Caribbean coral, Acropora palmata",Apal,Florida,34,192,14,NA,0.911764706,NA,31,microsats,5,Main paper
Baums et al.,2005,"Regionally isolated populations of an imperiled Caribbean coral, Regionally isolated populations of an imperiled Caribbean coral, Acropora palmata",Apal,Florida,34,207,14,NA,0.882352941,NA,30,microsats,5,Main paper
Baums et al.,2005,"Regionally isolated populations of an imperiled Caribbean coral, Regionally isolated populations of an imperiled Caribbean coral, Acropora palmata",Apal,Mexico,7,166,8,NA,1,NA,7,microsats,5,Main paper
Baums et al.,2005,"Regionally isolated populations of an imperiled Caribbean coral, Regionally isolated populations of an imperiled Caribbean coral, Acropora palmata",Apal,Mexico,7,181,3,NA,0.571428571,NA,4,microsats,5,Main paper
Baums et al.,2005,"Regionally isolated populations of an imperiled Caribbean coral, Regionally isolated populations of an imperiled Caribbean coral, Acropora palmata",Apal,Mexico,7,182,5,NA,0.714285714,NA,5,microsats,5,Main paper
Baums et al.,2005,"Regionally isolated populations of an imperiled Caribbean coral, Regionally isolated populations of an imperiled Caribbean coral, Acropora palmata",Apal,Mexico,7,192,7,NA,0.857142857,NA,6,microsats,5,Main paper
Baums et al.,2005,"Regionally isolated populations of an imperiled Caribbean coral, Regionally isolated populations of an imperiled Caribbean coral, Acropora palmata",Apal,Mexico,7,207,7,NA,0.857142857,NA,6,microsats,5,Main paper
Baums et al.,2005,"Regionally isolated populations of an imperiled Caribbean coral, Regionally isolated populations of an imperiled Caribbean coral, Acropora palmata",Apal,Mona,36,166,15,NA,0.916666667,NA,33,microsats,5,Main paper
Baums et al.,2005,"Regionally isolated populations of an imperiled Caribbean coral, Regionally isolated populations of an imperiled Caribbean coral, Acropora palmata",Apal,Mona,36,181,4,NA,0.305555556,NA,11,microsats,5,Main paper
Baums et al.,2005,"Regionally isolated populations of an imperiled Caribbean coral, Regionally isolated populations of an imperiled Caribbean coral, Acropora palmata",Apal,Mona,36,182,17,NA,0.861111111,NA,31,microsats,5,Main paper
Baums et al.,2005,"Regionally isolated populations of an imperiled Caribbean coral, Regionally isolated populations of an imperiled Caribbean coral, Acropora palmata",Apal,Mona,36,192,12,NA,0.888888889,NA,32,microsats,5,Main paper
Baums et al.,2005,"Regionally isolated populations of an imperiled Caribbean coral, Regionally isolated populations of an imperiled Caribbean coral, Acropora palmata",Apal,Mona,36,207,14,NA,0.888888889,NA,32,microsats,5,Main paper
Baums et al.,2005,"Regionally isolated populations of an imperiled Caribbean coral, Regionally isolated populations of an imperiled Caribbean coral, Acropora palmata",Apal,Navassa,68,166,17,NA,0.882352941,NA,60,microsats,5,Main paper
Baums et al.,2005,"Regionally isolated populations of an imperiled Caribbean coral, Regionally isolated populations of an imperiled Caribbean coral, Acropora palmata",Apal,Navassa,68,181,7,NA,0.529411765,NA,36,microsats,5,Main paper
Baums et al.,2005,"Regionally isolated populations of an imperiled Caribbean coral, Regionally isolated populations of an imperiled Caribbean coral, Acropora palmata",Apal,Navassa,68,182,19,NA,0.867647059,NA,59,microsats,5,Main paper
Baums et al.,2005,"Regionally isolated populations of an imperiled Caribbean coral, Regionally isolated populations of an imperiled Caribbean coral, Acropora palmata",Apal,Navassa,68,192,17,NA,0.911764706,NA,62,microsats,5,Main paper
Baums et al.,2005,"Regionally isolated populations of an imperiled Caribbean coral, Regionally isolated populations of an imperiled Caribbean coral, Acropora palmata",Apal,Navassa,68,207,14,NA,0.867647059,NA,59,microsats,5,Main paper
Baums et al.,2005,"Regionally isolated populations of an imperiled Caribbean coral, Regionally isolated populations of an imperiled Caribbean coral, Acropora palmata",Apal,Panama,39,166,12,NA,0.871794872,NA,34,microsats,5,Main paper
Baums et al.,2005,"Regionally isolated populations of an imperiled Caribbean coral, Regionally isolated populations of an imperiled Caribbean coral, Acropora palmata",Apal,Panama,39,181,3,NA,0.230769231,NA,9,microsats,5,Main paper
Baums et al.,2005,"Regionally isolated populations of an imperiled Caribbean coral, Regionally isolated populations of an imperiled Caribbean coral, Acropora palmata",Apal,Panama,39,182,15,NA,0.923076923,NA,36,microsats,5,Main paper
Baums et al.,2005,"Regionally isolated populations of an imperiled Caribbean coral, Regionally isolated populations of an imperiled Caribbean coral, Acropora palmata",Apal,Panama,39,192,15,NA,0.897435897,NA,35,microsats,5,Main paper
Baums et al.,2005,"Regionally isolated populations of an imperiled Caribbean coral, Regionally isolated populations of an imperiled Caribbean coral, Acropora palmata",Apal,Panama,39,207,11,NA,0.871794872,NA,34,microsats,5,Main paper
Baums et al.,2005,"Regionally isolated populations of an imperiled Caribbean coral, Regionally isolated populations of an imperiled Caribbean coral, Acropora palmata",Apal,Puerto Rico,90,166,22,NA,0.922222222,NA,83,microsats,5,Main paper
Baums et al.,2005,"Regionally isolated populations of an imperiled Caribbean coral, Regionally isolated populations of an imperiled Caribbean coral, Acropora palmata",Apal,Puerto Rico,90,181,6,NA,0.377777778,NA,34,microsats,5,Main paper
Baums et al.,2005,"Regionally isolated populations of an imperiled Caribbean coral, Regionally isolated populations of an imperiled Caribbean coral, Acropora palmata",Apal,Puerto Rico,90,182,16,NA,0.777777778,NA,70,microsats,5,Main paper
Baums et al.,2005,"Regionally isolated populations of an imperiled Caribbean coral, Regionally isolated populations of an imperiled Caribbean coral, Acropora palmata",Apal,Puerto Rico,90,192,15,NA,0.9,NA,81,microsats,5,Main paper
Baums et al.,2005,"Regionally isolated populations of an imperiled Caribbean coral, Regionally isolated populations of an imperiled Caribbean coral, Acropora palmata",Apal,Puerto Rico,90,207,15,NA,0.877777778,NA,79,microsats,5,Main paper
Baums et al.,2005,"Regionally isolated populations of an imperiled Caribbean coral, Regionally isolated populations of an imperiled Caribbean coral, Acropora palmata",Apal,St Vincent and the Grenadines,166,166,13,NA,0.734939759,NA,122,microsats,5,Main paper
Baums et al.,2005,"Regionally isolated populations of an imperiled Caribbean coral, Regionally isolated populations of an imperiled Caribbean coral, Acropora palmata",Apal,St Vincent and the Grenadines,166,181,8,NA,0.355421687,NA,59,microsats,5,Main paper
Baums et al.,2005,"Regionally isolated populations of an imperiled Caribbean coral, Regionally isolated populations of an imperiled Caribbean coral, Acropora palmata",Apal,St Vincent and the Grenadines,166,182,17,NA,0.674698795,NA,112,microsats,5,Main paper
Baums et al.,2005,"Regionally isolated populations of an imperiled Caribbean coral, Regionally isolated populations of an imperiled Caribbean coral, Acropora palmata",Apal,St Vincent and the Grenadines,166,192,14,NA,0.879518072,NA,146,microsats,5,Main paper
Baums et al.,2005,"Regionally isolated populations of an imperiled Caribbean coral, Regionally isolated populations of an imperiled Caribbean coral, Acropora palmata",Apal,St Vincent and the Grenadines,166,207,14,NA,0.819277108,NA,136,microsats,5,Main paper
Baums et al.,2005,"Regionally isolated populations of an imperiled Caribbean coral, Regionally isolated populations of an imperiled Caribbean coral, Acropora palmata",Apal,U.S. Virgin Islands,41,166,15,NA,0.780487805,NA,32,microsats,5,Main paper
Baums et al.,2005,"Regionally isolated populations of an imperiled Caribbean coral, Regionally isolated populations of an imperiled Caribbean coral, Acropora palmata",Apal,U.S. Virgin Islands,41,181,4,NA,0.341463415,NA,14,microsats,5,Main paper
Baums et al.,2005,"Regionally isolated populations of an imperiled Caribbean coral, Regionally isolated populations of an imperiled Caribbean coral, Acropora palmata",Apal,U.S. Virgin Islands,41,182,16,NA,0.756097561,NA,31,microsats,5,Main paper
Baums et al.,2005,"Regionally isolated populations of an imperiled Caribbean coral, Regionally isolated populations of an imperiled Caribbean coral, Acropora palmata",Apal,U.S. Virgin Islands,41,192,10,NA,0.87804878,NA,36,microsats,5,Main paper
Baums et al.,2005,"Regionally isolated populations of an imperiled Caribbean coral, Regionally isolated populations of an imperiled Caribbean coral, Acropora palmata",Apal,U.S. Virgin Islands,41,207,12,NA,0.829268293,NA,34,microsats,5,Main paper
Baums et al.,2010,Host population genetic structure and zooxanthellae diversity of two reef-building coral species along the Florida Reef Tract and wider Caribbean,Acer,Bahamas,13,166,7,0.503,NA,NA,NA,microsats,7,ESM4
Baums et al.,2010,Host population genetic structure and zooxanthellae diversity of two reef-building coral species along the Florida Reef Tract and wider Caribbean,Acer,Bahamas,13,181,8,0.825,NA,NA,NA,microsats,7,ESM4
Baums et al.,2010,Host population genetic structure and zooxanthellae diversity of two reef-building coral species along the Florida Reef Tract and wider Caribbean,Acer,Bahamas,13,182,13,0.882,NA,NA,NA,microsats,7,ESM4
Baums et al.,2010,Host population genetic structure and zooxanthellae diversity of two reef-building coral species along the Florida Reef Tract and wider Caribbean,Acer,Bahamas,13,207,7,0.592,NA,NA,NA,microsats,7,ESM4
Baums et al.,2010,Host population genetic structure and zooxanthellae diversity of two reef-building coral species along the Florida Reef Tract and wider Caribbean,Acer,Bahamas,12,2637,7,0.75,NA,NA,NA,microsats,7,ESM4
Baums et al.,2010,Host population genetic structure and zooxanthellae diversity of two reef-building coral species along the Florida Reef Tract and wider Caribbean,Acer,Bahamas,13,513,10,0.831,NA,NA,NA,microsats,7,ESM4
Baums et al.,2010,Host population genetic structure and zooxanthellae diversity of two reef-building coral species along the Florida Reef Tract and wider Caribbean,Acer,Bahamas,13,585,6,0.725,NA,NA,NA,microsats,7,ESM4
Baums et al.,2010,Host population genetic structure and zooxanthellae diversity of two reef-building coral species along the Florida Reef Tract and wider Caribbean,Acer,Florida,172,166,8,0.722,NA,NA,NA,microsats,7,ESM4
Baums et al.,2010,Host population genetic structure and zooxanthellae diversity of two reef-building coral species along the Florida Reef Tract and wider Caribbean,Acer,Florida,172,181,11,0.831,NA,NA,NA,microsats,7,ESM4
Baums et al.,2010,Host population genetic structure and zooxanthellae diversity of two reef-building coral species along the Florida Reef Tract and wider Caribbean,Acer,Florida,172,182,16,0.823,NA,NA,NA,microsats,7,ESM4
Baums et al.,2010,Host population genetic structure and zooxanthellae diversity of two reef-building coral species along the Florida Reef Tract and wider Caribbean,Acer,Florida,172,207,9,0.444,NA,NA,NA,microsats,7,ESM4
Baums et al.,2010,Host population genetic structure and zooxanthellae diversity of two reef-building coral species along the Florida Reef Tract and wider Caribbean,Acer,Florida,171,2637,9,0.634,NA,NA,NA,microsats,7,ESM4
Baums et al.,2010,Host population genetic structure and zooxanthellae diversity of two reef-building coral species along the Florida Reef Tract and wider Caribbean,Acer,Florida,171,513,8,0.504,NA,NA,NA,microsats,7,ESM4
Baums et al.,2010,Host population genetic structure and zooxanthellae diversity of two reef-building coral species along the Florida Reef Tract and wider Caribbean,Acer,Florida,172,585,9,0.712,NA,NA,NA,microsats,7,ESM4
Baums et al.,2010,Host population genetic structure and zooxanthellae diversity of two reef-building coral species along the Florida Reef Tract and wider Caribbean,Acer,Honduras,53,166,6,0.735,NA,NA,NA,microsats,7,ESM4
Baums et al.,2010,Host population genetic structure and zooxanthellae diversity of two reef-building coral species along the Florida Reef Tract and wider Caribbean,Acer,Honduras,53,181,12,0.833,NA,NA,NA,microsats,7,ESM4
Baums et al.,2010,Host population genetic structure and zooxanthellae diversity of two reef-building coral species along the Florida Reef Tract and wider Caribbean,Acer,Honduras,53,182,18,0.903,NA,NA,NA,microsats,7,ESM4
Baums et al.,2010,Host population genetic structure and zooxanthellae diversity of two reef-building coral species along the Florida Reef Tract and wider Caribbean,Acer,Honduras,53,207,7,0.646,NA,NA,NA,microsats,7,ESM4
Baums et al.,2010,Host population genetic structure and zooxanthellae diversity of two reef-building coral species along the Florida Reef Tract and wider Caribbean,Acer,Honduras,53,2637,9,0.715,NA,NA,NA,microsats,7,ESM4
Baums et al.,2010,Host population genetic structure and zooxanthellae diversity of two reef-building coral species along the Florida Reef Tract and wider Caribbean,Acer,Honduras,53,513,9,0.609,NA,NA,NA,microsats,7,ESM4
Baums et al.,2010,Host population genetic structure and zooxanthellae diversity of two reef-building coral species along the Florida Reef Tract and wider Caribbean,Acer,Honduras,52,585,6,0.559,NA,NA,NA,microsats,7,ESM4
Baums et al.,2010,Host population genetic structure and zooxanthellae diversity of two reef-building coral species along the Florida Reef Tract and wider Caribbean,Acer,Navassa,6,166,5,0.694,NA,NA,NA,microsats,7,ESM4
Baums et al.,2010,Host population genetic structure and zooxanthellae diversity of two reef-building coral species along the Florida Reef Tract and wider Caribbean,Acer,Navassa,6,181,6,0.694,NA,NA,NA,microsats,7,ESM4
Baums et al.,2010,Host population genetic structure and zooxanthellae diversity of two reef-building coral species along the Florida Reef Tract and wider Caribbean,Acer,Navassa,6,182,6,0.806,NA,NA,NA,microsats,7,ESM4
Baums et al.,2010,Host population genetic structure and zooxanthellae diversity of two reef-building coral species along the Florida Reef Tract and wider Caribbean,Acer,Navassa,6,207,2,0.153,NA,NA,NA,microsats,7,ESM4
Baums et al.,2010,Host population genetic structure and zooxanthellae diversity of two reef-building coral species along the Florida Reef Tract and wider Caribbean,Acer,Navassa,6,2637,4,0.708,NA,NA,NA,microsats,7,ESM4
Baums et al.,2010,Host population genetic structure and zooxanthellae diversity of two reef-building coral species along the Florida Reef Tract and wider Caribbean,Acer,Navassa,6,513,5,0.722,NA,NA,NA,microsats,7,ESM4
Baums et al.,2010,Host population genetic structure and zooxanthellae diversity of two reef-building coral species along the Florida Reef Tract and wider Caribbean,Acer,Navassa,6,585,3,0.486,NA,NA,NA,microsats,7,ESM4
Baums et al.,2010,Host population genetic structure and zooxanthellae diversity of two reef-building coral species along the Florida Reef Tract and wider Caribbean,Acer,Puerto Rico,7,166,3,0.659,NA,NA,NA,microsats,7,ESM4
Baums et al.,2010,Host population genetic structure and zooxanthellae diversity of two reef-building coral species along the Florida Reef Tract and wider Caribbean,Acer,Puerto Rico,7,181,4,0.684,NA,NA,NA,microsats,7,ESM4
Baums et al.,2010,Host population genetic structure and zooxanthellae diversity of two reef-building coral species along the Florida Reef Tract and wider Caribbean,Acer,Puerto Rico,7,182,5,0.612,NA,NA,NA,microsats,7,ESM4
Baums et al.,2010,Host population genetic structure and zooxanthellae diversity of two reef-building coral species along the Florida Reef Tract and wider Caribbean,Acer,Puerto Rico,7,207,4,0.459,NA,NA,NA,microsats,7,ESM4
Baums et al.,2010,Host population genetic structure and zooxanthellae diversity of two reef-building coral species along the Florida Reef Tract and wider Caribbean,Acer,Puerto Rico,5,2637,2,0.5,NA,NA,NA,microsats,7,ESM4
Baums et al.,2010,Host population genetic structure and zooxanthellae diversity of two reef-building coral species along the Florida Reef Tract and wider Caribbean,Acer,Puerto Rico,7,513,6,0.796,NA,NA,NA,microsats,7,ESM4
Baums et al.,2010,Host population genetic structure and zooxanthellae diversity of two reef-building coral species along the Florida Reef Tract and wider Caribbean,Acer,Puerto Rico,7,585,4,0.367,NA,NA,NA,microsats,7,ESM4
Baums et al.,2010,Host population genetic structure and zooxanthellae diversity of two reef-building coral species along the Florida Reef Tract and wider Caribbean,Acer,U.S. Virgin Islands,27,166,5,0.637,NA,NA,NA,microsats,7,ESM4
Baums et al.,2010,Host population genetic structure and zooxanthellae diversity of two reef-building coral species along the Florida Reef Tract and wider Caribbean,Acer,U.S. Virgin Islands,27,181,12,0.875,NA,NA,NA,microsats,7,ESM4
Baums et al.,2010,Host population genetic structure and zooxanthellae diversity of two reef-building coral species along the Florida Reef Tract and wider Caribbean,Acer,U.S. Virgin Islands,27,182,11,0.829,NA,NA,NA,microsats,7,ESM4
Baums et al.,2010,Host population genetic structure and zooxanthellae diversity of two reef-building coral species along the Florida Reef Tract and wider Caribbean,Acer,U.S. Virgin Islands,27,207,6,0.545,NA,NA,NA,microsats,7,ESM4
Baums et al.,2010,Host population genetic structure and zooxanthellae diversity of two reef-building coral species along the Florida Reef Tract and wider Caribbean,Acer,U.S. Virgin Islands,23,2637,7,0.674,NA,NA,NA,microsats,7,ESM4
Baums et al.,2010,Host population genetic structure and zooxanthellae diversity of two reef-building coral species along the Florida Reef Tract and wider Caribbean,Acer,U.S. Virgin Islands,23,513,9,0.55,NA,NA,NA,microsats,7,ESM4
Baums et al.,2010,Host population genetic structure and zooxanthellae diversity of two reef-building coral species along the Florida Reef Tract and wider Caribbean,Acer,U.S. Virgin Islands,26,585,5,0.39,NA,NA,NA,microsats,7,ESM4
Canty et al.,2021,Genetic structure of a remnant Acropora cervicornis population,Acer,"Big Cay, Honduras",42,166,7,NA,NA,NA,NA,microsats,13,Main paper
Canty et al.,2021,Genetic structure of a remnant Acropora cervicornis population,Acer,"Big Cay, Honduras",42,181,8,NA,NA,NA,NA,microsats,13,Main paper
Canty et al.,2021,Genetic structure of a remnant Acropora cervicornis population,Acer,"Big Cay, Honduras",42,182,10,NA,NA,NA,NA,microsats,13,Main paper
Canty et al.,2021,Genetic structure of a remnant Acropora cervicornis population,Acer,"Big Cay, Honduras",42,207,8,NA,NA,NA,NA,microsats,13,Main paper
Canty et al.,2021,Genetic structure of a remnant Acropora cervicornis population,Acer,"Big Cay, Honduras",42,513,6,NA,NA,NA,NA,microsats,13,Main paper
Canty et al.,2021,Genetic structure of a remnant Acropora cervicornis population,Acer,"Big Cay, Honduras",42,585,7,NA,NA,NA,NA,microsats,13,Main paper
Canty et al.,2021,Genetic structure of a remnant Acropora cervicornis population,Acer,"Big Cay, Honduras",42,1195,4,NA,NA,NA,NA,microsats,13,Main paper
Canty et al.,2021,Genetic structure of a remnant Acropora cervicornis population,Acer,"Big Cay, Honduras",42,1490,5,NA,NA,NA,NA,microsats,13,Main paper
Canty et al.,2021,Genetic structure of a remnant Acropora cervicornis population,Acer,"Big Cay, Honduras",42,2637,7,NA,NA,NA,NA,microsats,13,Main paper
Canty et al.,2021,Genetic structure of a remnant Acropora cervicornis population,Acer,"Big Cay, Honduras",42,5047,7,NA,NA,NA,NA,microsats,13,Main paper
Canty et al.,2021,Genetic structure of a remnant Acropora cervicornis population,Acer,"Big Cay, Honduras",42,6212,12,NA,NA,NA,NA,microsats,13,Main paper
Canty et al.,2021,Genetic structure of a remnant Acropora cervicornis population,Acer,"Big Cay, Honduras",42,9253,2,NA,NA,NA,NA,microsats,13,Main paper
Canty et al.,2021,Genetic structure of a remnant Acropora cervicornis population,Acer,"Big Cay, Honduras",42,7,10,NA,NA,NA,NA,microsats,13,Main paper
Canty et al.,2021,Genetic structure of a remnant Acropora cervicornis population,Acer,"Cordelia Shoal, Honduras",44,166,6,NA,NA,NA,NA,microsats,13,Main paper
Canty et al.,2021,Genetic structure of a remnant Acropora cervicornis population,Acer,"Cordelia Shoal, Honduras",44,181,12,NA,NA,NA,NA,microsats,13,Main paper
Canty et al.,2021,Genetic structure of a remnant Acropora cervicornis population,Acer,"Cordelia Shoal, Honduras",44,182,11,NA,NA,NA,NA,microsats,13,Main paper
Canty et al.,2021,Genetic structure of a remnant Acropora cervicornis population,Acer,"Cordelia Shoal, Honduras",44,207,7,NA,NA,NA,NA,microsats,13,Main paper
Canty et al.,2021,Genetic structure of a remnant Acropora cervicornis population,Acer,"Cordelia Shoal, Honduras",44,513,8,NA,NA,NA,NA,microsats,13,Main paper
Canty et al.,2021,Genetic structure of a remnant Acropora cervicornis population,Acer,"Cordelia Shoal, Honduras",44,585,7,NA,NA,NA,NA,microsats,13,Main paper
Canty et al.,2021,Genetic structure of a remnant Acropora cervicornis population,Acer,"Cordelia Shoal, Honduras",44,1195,5,NA,NA,NA,NA,microsats,13,Main paper
Canty et al.,2021,Genetic structure of a remnant Acropora cervicornis population,Acer,"Cordelia Shoal, Honduras",44,1490,3,NA,NA,NA,NA,microsats,13,Main paper
Canty et al.,2021,Genetic structure of a remnant Acropora cervicornis population,Acer,"Cordelia Shoal, Honduras",44,2637,6,NA,NA,NA,NA,microsats,13,Main paper
Canty et al.,2021,Genetic structure of a remnant Acropora cervicornis population,Acer,"Cordelia Shoal, Honduras",44,5047,7,NA,NA,NA,NA,microsats,13,Main paper
Canty et al.,2021,Genetic structure of a remnant Acropora cervicornis population,Acer,"Cordelia Shoal, Honduras",44,6212,10,NA,NA,NA,NA,microsats,13,Main paper
Canty et al.,2021,Genetic structure of a remnant Acropora cervicornis population,Acer,"Cordelia Shoal, Honduras",44,9253,3,NA,NA,NA,NA,microsats,13,Main paper
Canty et al.,2021,Genetic structure of a remnant Acropora cervicornis population,Acer,"Cordelia Shoal, Honduras",44,7,12,NA,NA,NA,NA,microsats,13,Main paper
Canty et al.,2021,Genetic structure of a remnant Acropora cervicornis population,Acer,"Honduras, all sites",161,166,9,NA,NA,NA,NA,microsats,13,Main paper
Canty et al.,2021,Genetic structure of a remnant Acropora cervicornis population,Acer,"Honduras, all sites",161,181,13,NA,NA,NA,NA,microsats,13,Main paper
Canty et al.,2021,Genetic structure of a remnant Acropora cervicornis population,Acer,"Honduras, all sites",161,182,16,NA,NA,NA,NA,microsats,13,Main paper
Canty et al.,2021,Genetic structure of a remnant Acropora cervicornis population,Acer,"Honduras, all sites",161,207,9,NA,NA,NA,NA,microsats,13,Main paper
Canty et al.,2021,Genetic structure of a remnant Acropora cervicornis population,Acer,"Honduras, all sites",161,513,10,NA,NA,NA,NA,microsats,13,Main paper
Canty et al.,2021,Genetic structure of a remnant Acropora cervicornis population,Acer,"Honduras, all sites",161,585,7,NA,NA,NA,NA,microsats,13,Main paper
Canty et al.,2021,Genetic structure of a remnant Acropora cervicornis population,Acer,"Honduras, all sites",161,1195,6,NA,NA,NA,NA,microsats,13,Main paper
Canty et al.,2021,Genetic structure of a remnant Acropora cervicornis population,Acer,"Honduras, all sites",161,1490,6,NA,NA,NA,NA,microsats,13,Main paper
Canty et al.,2021,Genetic structure of a remnant Acropora cervicornis population,Acer,"Honduras, all sites",161,2637,10,NA,NA,NA,NA,microsats,13,Main paper
Canty et al.,2021,Genetic structure of a remnant Acropora cervicornis population,Acer,"Honduras, all sites",161,5047,9,NA,NA,NA,NA,microsats,13,Main paper
Canty et al.,2021,Genetic structure of a remnant Acropora cervicornis population,Acer,"Honduras, all sites",161,6212,15,NA,NA,NA,NA,microsats,13,Main paper
Canty et al.,2021,Genetic structure of a remnant Acropora cervicornis population,Acer,"Honduras, all sites",161,9253,6,NA,NA,NA,NA,microsats,13,Main paper
Canty et al.,2021,Genetic structure of a remnant Acropora cervicornis population,Acer,"Honduras, all sites",161,7,13,NA,NA,NA,NA,microsats,13,Main paper
Canty et al.,2021,Genetic structure of a remnant Acropora cervicornis population,Acer,"Smith Bank, Honduras",75,166,7,NA,NA,NA,NA,microsats,13,Main paper
Canty et al.,2021,Genetic structure of a remnant Acropora cervicornis population,Acer,"Smith Bank, Honduras",75,181,12,NA,NA,NA,NA,microsats,13,Main paper
Canty et al.,2021,Genetic structure of a remnant Acropora cervicornis population,Acer,"Smith Bank, Honduras",75,182,14,NA,NA,NA,NA,microsats,13,Main paper
Canty et al.,2021,Genetic structure of a remnant Acropora cervicornis population,Acer,"Smith Bank, Honduras",75,207,8,NA,NA,NA,NA,microsats,13,Main paper
Canty et al.,2021,Genetic structure of a remnant Acropora cervicornis population,Acer,"Smith Bank, Honduras",75,513,8,NA,NA,NA,NA,microsats,13,Main paper
Canty et al.,2021,Genetic structure of a remnant Acropora cervicornis population,Acer,"Smith Bank, Honduras",75,585,4,NA,NA,NA,NA,microsats,13,Main paper
Canty et al.,2021,Genetic structure of a remnant Acropora cervicornis population,Acer,"Smith Bank, Honduras",75,1195,6,NA,NA,NA,NA,microsats,13,Main paper
Canty et al.,2021,Genetic structure of a remnant Acropora cervicornis population,Acer,"Smith Bank, Honduras",75,1490,5,NA,NA,NA,NA,microsats,13,Main paper
Canty et al.,2021,Genetic structure of a remnant Acropora cervicornis population,Acer,"Smith Bank, Honduras",75,2637,10,NA,NA,NA,NA,microsats,13,Main paper
Canty et al.,2021,Genetic structure of a remnant Acropora cervicornis population,Acer,"Smith Bank, Honduras",75,5047,7,NA,NA,NA,NA,microsats,13,Main paper
Canty et al.,2021,Genetic structure of a remnant Acropora cervicornis population,Acer,"Smith Bank, Honduras",75,6212,13,NA,NA,NA,NA,microsats,13,Main paper
Canty et al.,2021,Genetic structure of a remnant Acropora cervicornis population,Acer,"Smith Bank, Honduras",75,9253,4,NA,NA,NA,NA,microsats,13,Main paper
Canty et al.,2021,Genetic structure of a remnant Acropora cervicornis population,Acer,"Smith Bank, Honduras",75,7,12,NA,NA,NA,NA,microsats,13,Main paper
Japaud et al,2015,"High clonality in Acropora palmata and Acropora cervicornis populations of Guadeloupe, French Lesser Antilles",Apal,Guadeloupe,20,7,7,0.88,NA,NA,NA,microsats,14,Main paper
Japaud et al,2015,"High clonality in Acropora palmata and Acropora cervicornis populations of Guadeloupe, French Lesser Antilles",Apal,Guadeloupe,20,166,11,0.91,NA,n.s.,NA,microsats,14,Main paper
Japaud et al,2015,"High clonality in Acropora palmata and Acropora cervicornis populations of Guadeloupe, French Lesser Antilles",Apal,Guadeloupe,20,192,8,0.79,NA,n.s.,NA,microsats,14,Main paper
Japaud et al,2015,"High clonality in Acropora palmata and Acropora cervicornis populations of Guadeloupe, French Lesser Antilles",Apal,Guadeloupe,20,181,4,0.49,NA,n.s.,NA,microsats,14,Main paper
Japaud et al,2015,"High clonality in Acropora palmata and Acropora cervicornis populations of Guadeloupe, French Lesser Antilles",Apal,Guadeloupe,20,182,9,0.83,NA,n.s.,NA,microsats,14,Main paper
Japaud et al,2015,"High clonality in Acropora palmata and Acropora cervicornis populations of Guadeloupe, French Lesser Antilles",Apal,Guadeloupe,20,207,9,0.87,NA,n.s.,NA,microsats,14,Main paper
Japaud et al,2015,"High clonality in Acropora palmata and Acropora cervicornis populations of Guadeloupe, French Lesser Antilles",Apal,Guadeloupe,20,513,5,0.51,NA,n.s.,NA,microsats,14,Main paper
Japaud et al,2015,"High clonality in Acropora palmata and Acropora cervicornis populations of Guadeloupe, French Lesser Antilles",Apal,Guadeloupe,20,585,5,0.67,NA,n.s.,NA,microsats,14,Main paper
Japaud et al,2015,"High clonality in Acropora palmata and Acropora cervicornis populations of Guadeloupe, French Lesser Antilles",Apal,Guadeloupe,20,1195,5,0.62,NA,n.s.,NA,microsats,14,Main paper
Japaud et al,2015,"High clonality in Acropora palmata and Acropora cervicornis populations of Guadeloupe, French Lesser Antilles",Apal,Guadeloupe,20,1490,3,0.64,NA,n.s.,NA,microsats,14,Main paper
Japaud et al,2015,"High clonality in Acropora palmata and Acropora cervicornis populations of Guadeloupe, French Lesser Antilles",Apal,Guadeloupe,20,2637,7,0.82,NA,n.s.,NA,microsats,14,Main paper
Japaud et al,2015,"High clonality in Acropora palmata and Acropora cervicornis populations of Guadeloupe, French Lesser Antilles",Apal,Guadeloupe,20,5047,5,0.56,NA,n.s.,NA,microsats,14,Main paper
Japaud et al,2015,"High clonality in Acropora palmata and Acropora cervicornis populations of Guadeloupe, French Lesser Antilles",Apal,Guadeloupe,20,6212,4,0.64,NA,n.s.,NA,microsats,14,Main paper
Japaud et al,2015,"High clonality in Acropora palmata and Acropora cervicornis populations of Guadeloupe, French Lesser Antilles",Apal,Guadeloupe,20,9253,5,0.72,NA,n.s.,NA,microsats,14,Main paper
Porto-Hannes,2015,Population structure of the corals Orbicella faveolata and Acropora palmata in the Mesoamerican Barrier Reef System with comparisons over Caribbean basin?wide spatial scale,Apal,"Ambergris, Belize",94,166,18,0.887,NA,NA,NA,microsats,4,ESM6
Porto-Hannes,2015,Population structure of the corals Orbicella faveolata and Acropora palmata in the Mesoamerican Barrier Reef System with comparisons over Caribbean basin?wide spatial scale,Apal,"Ambergris, Belize",94,182,19,0.861,NA,NA,NA,microsats,4,ESM6
Porto-Hannes,2015,Population structure of the corals Orbicella faveolata and Acropora palmata in the Mesoamerican Barrier Reef System with comparisons over Caribbean basin?wide spatial scale,Apal,"Ambergris, Belize",94,192,20,0.912,NA,NA,NA,microsats,4,ESM6
Porto-Hannes,2015,Population structure of the corals Orbicella faveolata and Acropora palmata in the Mesoamerican Barrier Reef System with comparisons over Caribbean basin?wide spatial scale,Apal,"Ambergris, Belize",94,207,15,0.894,NA,NA,NA,microsats,4,ESM6
Porto-Hannes,2015,Population structure of the corals Orbicella faveolata and Acropora palmata in the Mesoamerican Barrier Reef System with comparisons over Caribbean basin?wide spatial scale,Apal,"Bastimento, Panama",58,166,15,0.883,NA,NA,NA,microsats,4,ESM6
Porto-Hannes,2015,Population structure of the corals Orbicella faveolata and Acropora palmata in the Mesoamerican Barrier Reef System with comparisons over Caribbean basin?wide spatial scale,Apal,"Bastimento, Panama",58,182,17,0.908,NA,NA,NA,microsats,4,ESM6
Porto-Hannes,2015,Population structure of the corals Orbicella faveolata and Acropora palmata in the Mesoamerican Barrier Reef System with comparisons over Caribbean basin?wide spatial scale,Apal,"Bastimento, Panama",58,192,15,0.892,NA,NA,NA,microsats,4,ESM6
Porto-Hannes,2015,Population structure of the corals Orbicella faveolata and Acropora palmata in the Mesoamerican Barrier Reef System with comparisons over Caribbean basin?wide spatial scale,Apal,"Bastimento, Panama",58,207,15,0.908,NA,NA,NA,microsats,4,ESM6
Porto-Hannes,2015,Population structure of the corals Orbicella faveolata and Acropora palmata in the Mesoamerican Barrier Reef System with comparisons over Caribbean basin?wide spatial scale,Apal,"Bocas del Drago, Panama",60,166,15,0.871,NA,NA,NA,microsats,4,ESM6
Porto-Hannes,2015,Population structure of the corals Orbicella faveolata and Acropora palmata in the Mesoamerican Barrier Reef System with comparisons over Caribbean basin?wide spatial scale,Apal,"Bocas del Drago, Panama",60,182,14,0.859,NA,NA,NA,microsats,4,ESM6
Porto-Hannes,2015,Population structure of the corals Orbicella faveolata and Acropora palmata in the Mesoamerican Barrier Reef System with comparisons over Caribbean basin?wide spatial scale,Apal,"Bocas del Drago, Panama",60,192,15,0.903,NA,NA,NA,microsats,4,ESM6
Porto-Hannes,2015,Population structure of the corals Orbicella faveolata and Acropora palmata in the Mesoamerican Barrier Reef System with comparisons over Caribbean basin?wide spatial scale,Apal,"Bocas del Drago, Panama",60,207,17,0.888,NA,NA,NA,microsats,4,ESM6
Porto-Hannes,2015,Population structure of the corals Orbicella faveolata and Acropora palmata in the Mesoamerican Barrier Reef System with comparisons over Caribbean basin?wide spatial scale,Apal,"Calabash, Belize",68,166,20,0.926,NA,NA,NA,microsats,4,ESM6
Porto-Hannes,2015,Population structure of the corals Orbicella faveolata and Acropora palmata in the Mesoamerican Barrier Reef System with comparisons over Caribbean basin?wide spatial scale,Apal,"Calabash, Belize",68,182,19,0.798,NA,NA,NA,microsats,4,ESM6
Porto-Hannes,2015,Population structure of the corals Orbicella faveolata and Acropora palmata in the Mesoamerican Barrier Reef System with comparisons over Caribbean basin?wide spatial scale,Apal,"Calabash, Belize",68,192,19,0.913,NA,NA,NA,microsats,4,ESM6
Porto-Hannes,2015,Population structure of the corals Orbicella faveolata and Acropora palmata in the Mesoamerican Barrier Reef System with comparisons over Caribbean basin?wide spatial scale,Apal,"Calabash, Belize",68,207,14,0.905,NA,NA,NA,microsats,4,ESM6
Porto-Hannes,2015,Population structure of the corals Orbicella faveolata and Acropora palmata in the Mesoamerican Barrier Reef System with comparisons over Caribbean basin?wide spatial scale,Apal,"Cayo de Agua, Venezuela",86,166,10,0.789,NA,NA,NA,microsats,4,ESM6
Porto-Hannes,2015,Population structure of the corals Orbicella faveolata and Acropora palmata in the Mesoamerican Barrier Reef System with comparisons over Caribbean basin?wide spatial scale,Apal,"Cayo de Agua, Venezuela",86,182,18,0.618,NA,NA,NA,microsats,4,ESM6
Porto-Hannes,2015,Population structure of the corals Orbicella faveolata and Acropora palmata in the Mesoamerican Barrier Reef System with comparisons over Caribbean basin?wide spatial scale,Apal,"Cayo de Agua, Venezuela",86,192,15,0.894,NA,NA,NA,microsats,4,ESM6
Porto-Hannes,2015,Population structure of the corals Orbicella faveolata and Acropora palmata in the Mesoamerican Barrier Reef System with comparisons over Caribbean basin?wide spatial scale,Apal,"Cayo de Agua, Venezuela",86,207,16,0.885,NA,NA,NA,microsats,4,ESM6
Porto-Hannes,2015,Population structure of the corals Orbicella faveolata and Acropora palmata in the Mesoamerican Barrier Reef System with comparisons over Caribbean basin?wide spatial scale,Apal,"Columbus, Belize",111,166,17,0.921,NA,NA,NA,microsats,4,ESM6
Porto-Hannes,2015,Population structure of the corals Orbicella faveolata and Acropora palmata in the Mesoamerican Barrier Reef System with comparisons over Caribbean basin?wide spatial scale,Apal,"Columbus, Belize",111,182,18,0.835,NA,NA,NA,microsats,4,ESM6
Porto-Hannes,2015,Population structure of the corals Orbicella faveolata and Acropora palmata in the Mesoamerican Barrier Reef System with comparisons over Caribbean basin?wide spatial scale,Apal,"Columbus, Belize",111,192,17,0.889,NA,NA,NA,microsats,4,ESM6
Porto-Hannes,2015,Population structure of the corals Orbicella faveolata and Acropora palmata in the Mesoamerican Barrier Reef System with comparisons over Caribbean basin?wide spatial scale,Apal,"Columbus, Belize",111,207,16,0.904,NA,NA,NA,microsats,4,ESM6
Porto-Hannes,2015,Population structure of the corals Orbicella faveolata and Acropora palmata in the Mesoamerican Barrier Reef System with comparisons over Caribbean basin?wide spatial scale,Apal,"Dos Mosquises, Venezuela",106,166,14,0.774,NA,NA,NA,microsats,4,ESM6
Porto-Hannes,2015,Population structure of the corals Orbicella faveolata and Acropora palmata in the Mesoamerican Barrier Reef System with comparisons over Caribbean basin?wide spatial scale,Apal,"Dos Mosquises, Venezuela",106,182,18,0.632,NA,NA,NA,microsats,4,ESM6
Porto-Hannes,2015,Population structure of the corals Orbicella faveolata and Acropora palmata in the Mesoamerican Barrier Reef System with comparisons over Caribbean basin?wide spatial scale,Apal,"Dos Mosquises, Venezuela",106,192,17,0.903,NA,NA,NA,microsats,4,ESM6
Porto-Hannes,2015,Population structure of the corals Orbicella faveolata and Acropora palmata in the Mesoamerican Barrier Reef System with comparisons over Caribbean basin?wide spatial scale,Apal,"Dos Mosquises, Venezuela",106,207,16,0.887,NA,NA,NA,microsats,4,ESM6
Porto-Hannes,2015,Population structure of the corals Orbicella faveolata and Acropora palmata in the Mesoamerican Barrier Reef System with comparisons over Caribbean basin?wide spatial scale,Apal,"Glovers, Belize",102,166,21,0.933,NA,NA,NA,microsats,4,ESM6
Porto-Hannes,2015,Population structure of the corals Orbicella faveolata and Acropora palmata in the Mesoamerican Barrier Reef System with comparisons over Caribbean basin?wide spatial scale,Apal,"Glovers, Belize",102,182,20,0.853,NA,NA,NA,microsats,4,ESM6
Porto-Hannes,2015,Population structure of the corals Orbicella faveolata and Acropora palmata in the Mesoamerican Barrier Reef System with comparisons over Caribbean basin?wide spatial scale,Apal,"Glovers, Belize",102,192,19,0.893,NA,NA,NA,microsats,4,ESM6
Porto-Hannes,2015,Population structure of the corals Orbicella faveolata and Acropora palmata in the Mesoamerican Barrier Reef System with comparisons over Caribbean basin?wide spatial scale,Apal,"Glovers, Belize",102,207,16,0.88,NA,NA,NA,microsats,4,ESM6
Porto-Hannes,2015,Population structure of the corals Orbicella faveolata and Acropora palmata in the Mesoamerican Barrier Reef System with comparisons over Caribbean basin?wide spatial scale,Apal,"Puerto Morelos, Mexico",92,166,18,0.929,NA,NA,NA,microsats,4,ESM6
Porto-Hannes,2015,Population structure of the corals Orbicella faveolata and Acropora palmata in the Mesoamerican Barrier Reef System with comparisons over Caribbean basin?wide spatial scale,Apal,"Puerto Morelos, Mexico",92,182,20,0.866,NA,NA,NA,microsats,4,ESM6
Porto-Hannes,2015,Population structure of the corals Orbicella faveolata and Acropora palmata in the Mesoamerican Barrier Reef System with comparisons over Caribbean basin?wide spatial scale,Apal,"Puerto Morelos, Mexico",92,192,20,0.902,NA,NA,NA,microsats,4,ESM6
Porto-Hannes,2015,Population structure of the corals Orbicella faveolata and Acropora palmata in the Mesoamerican Barrier Reef System with comparisons over Caribbean basin?wide spatial scale,Apal,"Puerto Morelos, Mexico",92,207,17,0.904,NA,NA,NA,microsats,4,ESM6
Porto-Hannes,2015,Population structure of the corals Orbicella faveolata and Acropora palmata in the Mesoamerican Barrier Reef System with comparisons over Caribbean basin?wide spatial scale,Apal,"Rincon, Puerto Rico",45,166,16,0.912,NA,NA,NA,microsats,4,ESM6
Porto-Hannes,2015,Population structure of the corals Orbicella faveolata and Acropora palmata in the Mesoamerican Barrier Reef System with comparisons over Caribbean basin?wide spatial scale,Apal,"Rincon, Puerto Rico",45,182,14,0.709,NA,NA,NA,microsats,4,ESM6
Porto-Hannes,2015,Population structure of the corals Orbicella faveolata and Acropora palmata in the Mesoamerican Barrier Reef System with comparisons over Caribbean basin?wide spatial scale,Apal,"Rincon, Puerto Rico",45,192,17,0.911,NA,NA,NA,microsats,4,ESM6
Porto-Hannes,2015,Population structure of the corals Orbicella faveolata and Acropora palmata in the Mesoamerican Barrier Reef System with comparisons over Caribbean basin?wide spatial scale,Apal,"Rincon, Puerto Rico",45,207,17,0.903,NA,NA,NA,microsats,4,ESM6
Porto-Hannes,2015,Population structure of the corals Orbicella faveolata and Acropora palmata in the Mesoamerican Barrier Reef System with comparisons over Caribbean basin?wide spatial scale,Apal,"San Cristobal, Puerto Rico",26,166,14,0.893,NA,NA,NA,microsats,4,ESM6
Porto-Hannes,2015,Population structure of the corals Orbicella faveolata and Acropora palmata in the Mesoamerican Barrier Reef System with comparisons over Caribbean basin?wide spatial scale,Apal,"San Cristobal, Puerto Rico",26,182,11,0.754,NA,NA,NA,microsats,4,ESM6
Porto-Hannes,2015,Population structure of the corals Orbicella faveolata and Acropora palmata in the Mesoamerican Barrier Reef System with comparisons over Caribbean basin?wide spatial scale,Apal,"San Cristobal, Puerto Rico",26,192,13,0.879,NA,NA,NA,microsats,4,ESM6
Porto-Hannes,2015,Population structure of the corals Orbicella faveolata and Acropora palmata in the Mesoamerican Barrier Reef System with comparisons over Caribbean basin?wide spatial scale,Apal,"San Cristobal, Puerto Rico",26,207,12,0.87,NA,NA,NA,microsats,4,ESM6
Porto-Hannes,2015,Population structure of the corals Orbicella faveolata and Acropora palmata in the Mesoamerican Barrier Reef System with comparisons over Caribbean basin?wide spatial scale,Apal,"Xcalak, Mexico",48,166,16,0.918,NA,NA,NA,microsats,4,ESM6
Porto-Hannes,2015,Population structure of the corals Orbicella faveolata and Acropora palmata in the Mesoamerican Barrier Reef System with comparisons over Caribbean basin?wide spatial scale,Apal,"Xcalak, Mexico",48,182,16,0.846,NA,NA,NA,microsats,4,ESM6
Porto-Hannes,2015,Population structure of the corals Orbicella faveolata and Acropora palmata in the Mesoamerican Barrier Reef System with comparisons over Caribbean basin?wide spatial scale,Apal,"Xcalak, Mexico",48,192,18,0.9,NA,NA,NA,microsats,4,ESM6
Porto-Hannes,2015,Population structure of the corals Orbicella faveolata and Acropora palmata in the Mesoamerican Barrier Reef System with comparisons over Caribbean basin?wide spatial scale,Apal,"Xcalak, Mexico",48,207,15,0.902,NA,NA,NA,microsats,4,ESM6
Williams et al,2014,Cryptic changes in the genetic structure of a highly clonal coral population and the relationship with ecological performance,Apal,"Florida, 2006 surveys",38,166,17,0.91,NA,NA,NA,microsats,5,Main paper
Williams et al,2014,Cryptic changes in the genetic structure of a highly clonal coral population and the relationship with ecological performance,Apal,"Florida, 2006 surveys",38,181,6,0.45,NA,NA,NA,microsats,5,Main paper
Williams et al,2014,Cryptic changes in the genetic structure of a highly clonal coral population and the relationship with ecological performance,Apal,"Florida, 2006 surveys",38,182,16,0.81,NA,NA,NA,microsats,5,Main paper
Williams et al,2014,Cryptic changes in the genetic structure of a highly clonal coral population and the relationship with ecological performance,Apal,"Florida, 2006 surveys",38,192,14,0.87,NA,NA,NA,microsats,5,Main paper
Williams et al,2014,Cryptic changes in the genetic structure of a highly clonal coral population and the relationship with ecological performance,Apal,"Florida, 2006 surveys",38,207,14,0.85,NA,NA,NA,microsats,5,Main paper
Williams et al,2014,Cryptic changes in the genetic structure of a highly clonal coral population and the relationship with ecological performance,Apal,"Florida, 2010 surveys",46,166,16,0.91,NA,NA,NA,microsats,5,Main paper
Williams et al,2014,Cryptic changes in the genetic structure of a highly clonal coral population and the relationship with ecological performance,Apal,"Florida, 2010 surveys",46,181,6,0.5,NA,NA,NA,microsats,5,Main paper
Williams et al,2014,Cryptic changes in the genetic structure of a highly clonal coral population and the relationship with ecological performance,Apal,"Florida, 2010 surveys",46,182,15,0.82,NA,NA,NA,microsats,5,Main paper
Williams et al,2014,Cryptic changes in the genetic structure of a highly clonal coral population and the relationship with ecological performance,Apal,"Florida, 2010 surveys",46,192,14,0.87,NA,NA,NA,microsats,5,Main paper
Williams et al,2014,Cryptic changes in the genetic structure of a highly clonal coral population and the relationship with ecological performance,Apal,"Florida, 2010 surveys",46,207,14,0.82,NA,NA,NA,microsats,5,Main paper
